{
  "id": "pause-dice-rolling",
  "name": "Pause Dice Rolling",
  "title": "Pause Dice Rolling",
  "description": "Allows the GM to pause/un-pause dice rolling and lock/unlock specific player rolls.",
  "author": "Mr. Transcended",
  "authors": [
    {
      "name": "Mr. Transcended",
      "email": "mr.transcended@gmail.com",
      "discord": "mr.transcended"
    }
  ],
  "url": "https://github.com/MrTranscended/Beep-Boop/tree/f63538b2fc21ab8d99714639c1906414fdd9ba0e/pause-dice-rolling/",
  "version": "1.0.7",
  "minimumCoreVersion": "12",
  "compatibleCoreVersion": "12",
  "compatibility": {
    "minimum": 12,
    "verified": 12
  },
  "scripts": ["pause-dice.js"],
  "styles": ["styles.css"],
  "esmodules": ["pause-dice.js"],
  "manifest": "https://github.com/MrTranscended/Beep-Boop/raw/main/pause-dice-rolling/module.json",
  "download": "https://github.com/MrTranscended/Beep-Boop/raw/main/pause-dice-rolling/pause-dice-rolling-v1.0.7.zip"
}