{
  "id": "pause-dice-rolling",
  "name" : "Pause Dice Rolling",
  "title": "Pause Dice Rolling",
  "description": "Allows the GM to pause/un-pause dice rolling and lock/unlock specific player rolls.",
  "version": "1.0.1",
  "compatibility": {
    "minimum": "12",
    "verified": "12"
  },
  "url": "https://github.com/MrTranscended/Beep-Boop/tree/main/pause-dice-rolling/",
  "authors": [
    {
      "name": "Mr. Transcended",
      "email": "mr.transcended@gmail.com",
      "discord": "mr.transcended",
      "flags": {}
    }
  ],
  "scripts": ["pause-dice.js"],
  "styles": ["styles.css"],
  "esmodules": ["pause-dice.js"],
  "minimumCoreVersion": "12",
  "compatibleCoreVersion": "12",
  "manifest": "https://raw.githubusercontent.com/MrTranscended/Beep-Boop/main/pause-dice-rolling/module.json",
  "download": "https://raw.githubusercontent.com/MrTranscended/Beep-Boop/main/pause-dice-rolling/pause-dice-rolling-v1.0.1.zip",
}